currency,rate,date
AED,4.10841637,2026-10-08
AFN,72.5058746,2026-10-08
AMD,405.2473262,2026-10-08
ANG,2.002294,2026-10-08
ARS,1699.64221364,2026-10-08
AUD,1.611,2026-10-08
AWG,2.002294,2026-10-08
AZN,1.90167715,2026-10-08
BAM,1.95583,2026-10-08
BBD,2.2372,2026-10-08
BDT,137.41469565,2026-10-08
BHD,0.42171109,2026-10-08
BMD,1.1186,2026-10-08
BND,1.43175946,2026-10-08
BRL,5.6118,2026-10-08
BSD,1.1186,2026-10-08
BTN,108.2635,2026-10-08
BWP,15.0551817,2026-10-08
BYN,3.41549296,2026-10-08
BZD,2.2372,2026-10-08
CAD,1.5953,2026-10-08
CHF,0.9326,2026-10-08
CLP,1096.06021,2026-10-08
CNY,7.4972,2026-10-08
CUP,26.83918301,2026-10-08
CVE,110.265,2026-10-08
CZK,24.4,2026-10-08
DJF,198.7987106,2026-10-08
DKK,7.4739,2026-10-08
DZD,150.40346772,2026-10-08
EGP,58.56617218,2026-10-08
FKP,0.84698,2026-10-08
GBP,0.84698,2026-10-08
GEL,2.91,2026-10-08
GIP,0.84698,2026-10-08
HKD,8.7783,2026-10-08
HUF,366.25,2026-10-08
IDR,20045.31,2026-10-08
ILS,3.4423,2026-10-08
INR,108.2635,2026-10-08
IQD,1465.72918979,2026-10-08
IRR,1979591.83673469,2026-10-08
ISK,137,2026-10-08
JOD,0.79287493,2026-10-08
JPY,177.05,2026-10-08
KGS,97.8653,2026-10-08
KHR,4553.86896552,2026-10-08
KMF,491.96775,2026-10-08
KRW,1502.79,2026-10-08
KWD,0.34470694,2026-10-08
KYD,0.93216667,2026-10-08
KZT,502.05,2026-10-08
LAK,24917.39622642,2026-10-08
LBP,100076.84630739,2026-10-08
LSL,18.6252,2026-10-08
LYD,7.18193832,2026-10-08
MAD,11.16984547,2026-10-08
MDL,19.97629388,2026-10-08
MMK,2349.86120996,2026-10-08
MNT,4019.61569255,2026-10-08
MOP,9.041649,2026-10-08
MUR,53.0798072,2026-10-08
MXN,20.1486,2026-10-08
MYR,4.5768,2026-10-08
NAD,18.6252,2026-10-08
NOK,10.717,2026-10-08
NPR,173.2216,2026-10-08
NZD,2.0014,2026-10-08
OMR,0.43051185,2026-10-08
PAB,1.1186,2026-10-08
PEN,3.85617597,2026-10-08
PHP,70.475,2026-10-08
PKR,309.77866637,2026-10-08
PLN,4.3753,2026-10-08
QAR,4.0776396,2026-10-08
RON,5.3434,2026-10-08
RSD,117.3956309,2026-10-08
RUB,95.66131585,2026-10-08
SAR,4.19965107,2026-10-08
SDG,671.38891713,2026-10-08
SEK,11.194,2026-10-08
SGD,1.434,2026-10-08
SHP,0.84698,2026-10-08
STN,24.5,2026-10-08
SYP,136.42789256,2026-10-08
SZL,18.6252,2026-10-08
THB,37.68,2026-10-08
TJS,10.31695384,2026-10-08
TMT,3.91444713,2026-10-08
TND,3.36497742,2026-10-08
TRY,55.0043,2026-10-08
TTD,7.561736,2026-10-08
TWD,35.64916201,2026-10-08
UAH,50.1385,2026-10-08
USD,1.1186,2026-10-08
UYU,44.84894383,2026-10-08
UZS,13206.22,2026-10-08
VND,28991.84688331,2026-10-08
XAF,655.957,2026-10-08
XCD,3.02022,2026-10-08
XOF,655.957,2026-10-08
XPF,119.3317,2026-10-08
YER,264.23009204,2026-10-08
ZAR,18.6252,2026-10-08
ZMW,22.26058744,2026-10-08
