country,iso3,numeric,name,calling_code,emoji
AD,AND,020,Andorra,+376,🇦🇩
AE,ARE,784,United Arab Emirates,+971,🇦🇪
AF,AFG,004,Afghanistan,+93,🇦🇫
AG,ATG,028,Antigua and Barbuda,+1,🇦🇬
AI,AIA,660,Anguilla,+1,🇦🇮
AL,ALB,008,Albania,+355,🇦🇱
AM,ARM,051,Armenia,+374,🇦🇲
AO,AGO,024,Angola,+244,🇦🇴
AQ,ATA,010,Antarctica,+672,🇦🇶
AR,ARG,032,Argentina,+54,🇦🇷
AS,ASM,016,American Samoa,+1,🇦🇸
AT,AUT,040,Austria,+43,🇦🇹
AU,AUS,036,Australia,+61,🇦🇺
AW,ABW,533,Aruba,+297,🇦🇼
AX,ALA,248,Aland Islands,+358,🇦🇽
AZ,AZE,031,Azerbaijan,+994,🇦🇿
BA,BIH,070,Bosnia and Herzegovina,+387,🇧🇦
BB,BRB,052,Barbados,+1,🇧🇧
BD,BGD,050,Bangladesh,+880,🇧🇩
BE,BEL,056,Belgium,+32,🇧🇪
BF,BFA,854,Burkina Faso,+226,🇧🇫
BG,BGR,100,Bulgaria,+359,🇧🇬
BH,BHR,048,Bahrain,+973,🇧🇭
BI,BDI,108,Burundi,+257,🇧🇮
BJ,BEN,204,Benin,+229,🇧🇯
BL,BLM,652,Saint Barthelemy,+590,🇧🇱
BM,BMU,060,Bermuda,+1,🇧🇲
BN,BRN,096,Brunei,+673,🇧🇳
BO,BOL,068,Bolivia,+591,🇧🇴
BQ,BES,535,"Bonaire, Saint Eustatius and Saba ",+599,
BR,BRA,076,Brazil,+55,🇧🇷
BS,BHS,044,Bahamas,+1,🇧🇸
BT,BTN,064,Bhutan,+975,🇧🇹
BV,BVT,074,Bouvet Island,+55,🇧🇻
BW,BWA,072,Botswana,+267,🇧🇼
BY,BLR,112,Belarus,+375,🇧🇾
BZ,BLZ,084,Belize,+501,🇧🇿
CA,CAN,124,Canada,+1,🇨🇦
CC,CCK,166,Cocos Islands,+61,🇨🇨
CD,COD,180,Democratic Republic of the Congo,+243,🇨🇩
CF,CAF,140,Central African Republic,+236,🇨🇫
CG,COG,178,Republic of the Congo,+242,🇨🇬
CH,CHE,756,Switzerland,+41,🇨🇭
CI,CIV,384,Ivory Coast,+225,🇨🇮
CK,COK,184,Cook Islands,+682,🇨🇰
CL,CHL,152,Chile,+56,🇨🇱
CM,CMR,120,Cameroon,+237,🇨🇲
CN,CHN,156,China,+86,🇨🇳
CO,COL,170,Colombia,+57,🇨🇴
CR,CRI,188,Costa Rica,+506,🇨🇷
CU,CUB,192,Cuba,+53,🇨🇺
CV,CPV,132,Cape Verde,+238,🇨🇻
CW,CUW,531,Curacao,+599,🇨🇼
CX,CXR,162,Christmas Island,+61,🇨🇽
CY,CYP,196,Cyprus,+357,🇨🇾
CZ,CZE,203,Czechia,+420,🇨🇿
DE,DEU,276,Germany,+49,🇩🇪
DJ,DJI,262,Djibouti,+253,🇩🇯
DK,DNK,208,Denmark,+45,🇩🇰
DM,DMA,212,Dominica,+1,🇩🇲
DO,DOM,214,Dominican Republic,+1,🇩🇴
DZ,DZA,012,Algeria,+213,🇩🇿
EC,ECU,218,Ecuador,+593,🇪🇨
EE,EST,233,Estonia,+372,🇪🇪
EG,EGY,818,Egypt,+20,🇪🇬
EH,ESH,732,Western Sahara,+212,🇪🇭
ER,ERI,232,Eritrea,+291,🇪🇷
ES,ESP,724,Spain,+34,🇪🇸
ET,ETH,231,Ethiopia,+251,🇪🇹
FI,FIN,246,Finland,+358,🇫🇮
FJ,FJI,242,Fiji,+679,🇫🇯
FK,FLK,238,Falkland Islands,+500,🇫🇰
FM,FSM,583,Micronesia,+691,🇫🇲
FO,FRO,234,Faroe Islands,+298,🇫🇴
FR,FRA,250,France,+33,🇫🇷
GA,GAB,266,Gabon,+241,🇬🇦
GB,GBR,826,United Kingdom,+44,🇬🇧
GD,GRD,308,Grenada,+1,🇬🇩
GE,GEO,268,Georgia,+995,🇬🇪
GF,GUF,254,French Guiana,+594,🇬🇫
GG,GGY,831,Guernsey,+44,🇬🇬
GH,GHA,288,Ghana,+233,🇬🇭
GI,GIB,292,Gibraltar,+350,🇬🇮
GL,GRL,304,Greenland,+299,🇬🇱
GM,GMB,270,Gambia,+220,🇬🇲
GN,GIN,324,Guinea,+224,🇬🇳
GP,GLP,312,Guadeloupe,+590,🇬🇵
GQ,GNQ,226,Equatorial Guinea,+240,🇬🇶
GR,GRC,300,Greece,+30,🇬🇷
GS,SGS,239,South Georgia and the South Sandwich Islands,+500,🇬🇸
GT,GTM,320,Guatemala,+502,🇬🇹
GU,GUM,316,Guam,+1,🇬🇺
GW,GNB,624,Guinea-Bissau,+245,🇬🇼
GY,GUY,328,Guyana,+592,🇬🇾
HK,HKG,344,Hong Kong,+852,🇭🇰
HM,HMD,334,Heard Island and McDonald Islands,+672,🇭🇲
HN,HND,340,Honduras,+504,🇭🇳
HR,HRV,191,Croatia,+385,🇭🇷
HT,HTI,332,Haiti,+509,🇭🇹
HU,HUN,348,Hungary,+36,🇭🇺
ID,IDN,360,Indonesia,+62,🇮🇩
IE,IRL,372,Ireland,+353,🇮🇪
IL,ISR,376,Israel,+972,🇮🇱
IM,IMN,833,Isle of Man,+44,🇮🇲
IN,IND,356,India,+91,🇮🇳
IO,IOT,086,British Indian Ocean Territory,+246,🇮🇴
IQ,IRQ,368,Iraq,+964,🇮🇶
IR,IRN,364,Iran,+98,🇮🇷
IS,ISL,352,Iceland,+354,🇮🇸
IT,ITA,380,Italy,+39,🇮🇹
JE,JEY,832,Jersey,+44,🇯🇪
JM,JAM,388,Jamaica,+1,🇯🇲
JO,JOR,400,Jordan,+962,🇯🇴
JP,JPN,392,Japan,+81,🇯🇵
KE,KEN,404,Kenya,+254,🇰🇪
KG,KGZ,417,Kyrgyzstan,+996,🇰🇬
KH,KHM,116,Cambodia,+855,🇰🇭
KI,KIR,296,Kiribati,+686,🇰🇮
KM,COM,174,Comoros,+269,🇰🇲
KN,KNA,659,Saint Kitts and Nevis,+1,🇰🇳
KP,PRK,408,North Korea,+850,🇰🇵
KR,KOR,410,South Korea,+82,🇰🇷
KW,KWT,414,Kuwait,+965,🇰🇼
KY,CYM,136,Cayman Islands,+1,🇰🇾
KZ,KAZ,398,Kazakhstan,+7,🇰🇿
LA,LAO,418,Laos,+856,🇱🇦
LB,LBN,422,Lebanon,+961,🇱🇧
LC,LCA,662,Saint Lucia,+1,🇱🇨
LI,LIE,438,Liechtenstein,+423,🇱🇮
LK,LKA,144,Sri Lanka,+94,🇱🇰
LR,LBR,430,Liberia,+231,🇱🇷
LS,LSO,426,Lesotho,+266,🇱🇸
LT,LTU,440,Lithuania,+370,🇱🇹
LU,LUX,442,Luxembourg,+352,🇱🇺
LV,LVA,428,Latvia,+371,🇱🇻
LY,LBY,434,Libya,+218,🇱🇾
MA,MAR,504,Morocco,+212,🇲🇦
MC,MCO,492,Monaco,+377,🇲🇨
MD,MDA,498,Moldova,+373,🇲🇩
ME,MNE,499,Montenegro,+382,🇲🇪
MF,MAF,663,Saint Martin,+590,🇲🇫
MG,MDG,450,Madagascar,+261,🇲🇬
MH,MHL,584,Marshall Islands,+692,🇲🇭
MK,MKD,807,Macedonia,+389,🇲🇰
ML,MLI,466,Mali,+223,🇲🇱
MM,MMR,104,Myanmar,+95,🇲🇲
MN,MNG,496,Mongolia,+976,🇲🇳
MO,MAC,446,Macao,+853,🇲🇴
MP,MNP,580,Northern Mariana Islands,+1,🇲🇵
MQ,MTQ,474,Martinique,+596,🇲🇶
MR,MRT,478,Mauritania,+222,🇲🇷
MS,MSR,500,Montserrat,+1,🇲🇸
MT,MLT,470,Malta,+356,🇲🇹
MU,MUS,480,Mauritius,+230,🇲🇺
MV,MDV,462,Maldives,+960,🇲🇻
MW,MWI,454,Malawi,+265,🇲🇼
MX,MEX,484,Mexico,+52,🇲🇽
MY,MYS,458,Malaysia,+60,🇲🇾
MZ,MOZ,508,Mozambique,+258,🇲🇿
NA,NAM,516,Namibia,+264,🇳🇦
NC,NCL,540,New Caledonia,+687,🇳🇨
NE,NER,562,Niger,+227,🇳🇪
NF,NFK,574,Norfolk Island,+672,🇳🇫
NG,NGA,566,Nigeria,+234,🇳🇬
NI,NIC,558,Nicaragua,+505,🇳🇮
NL,NLD,528,Netherlands,+31,🇳🇱
NO,NOR,578,Norway,+47,🇳🇴
NP,NPL,524,Nepal,+977,🇳🇵
NR,NRU,520,Nauru,+674,🇳🇷
NU,NIU,570,Niue,+683,🇳🇺
NZ,NZL,554,New Zealand,+64,🇳🇿
OM,OMN,512,Oman,+968,🇴🇲
PA,PAN,591,Panama,+507,🇵🇦
PE,PER,604,Peru,+51,🇵🇪
PF,PYF,258,French Polynesia,+689,🇵🇫
PG,PNG,598,Papua New Guinea,+675,🇵🇬
PH,PHL,608,Philippines,+63,🇵🇭
PK,PAK,586,Pakistan,+92,🇵🇰
PL,POL,616,Poland,+48,🇵🇱
PM,SPM,666,Saint Pierre and Miquelon,+508,🇵🇲
PN,PCN,612,Pitcairn,+870,🇵🇳
PR,PRI,630,Puerto Rico,+1,🇵🇷
PS,PSE,275,Palestinian Territory,+970,🇵🇸
PT,PRT,620,Portugal,+351,🇵🇹
PW,PLW,585,Palau,+680,🇵🇼
PY,PRY,600,Paraguay,+595,🇵🇾
QA,QAT,634,Qatar,+974,🇶🇦
RE,REU,638,Reunion,+262,🇷🇪
RO,ROU,642,Romania,+40,🇷🇴
RS,SRB,688,Serbia,+381,🇷🇸
RU,RUS,643,Russia,+7,🇷🇺
RW,RWA,646,Rwanda,+250,🇷🇼
SA,SAU,682,Saudi Arabia,+966,🇸🇦
SB,SLB,090,Solomon Islands,+677,🇸🇧
SC,SYC,690,Seychelles,+248,🇸🇨
SD,SDN,729,Sudan,+249,🇸🇩
SE,SWE,752,Sweden,+46,🇸🇪
SG,SGP,702,Singapore,+65,🇸🇬
SH,SHN,654,Saint Helena,+290,🇸🇭
SI,SVN,705,Slovenia,+386,🇸🇮
SJ,SJM,744,Svalbard and Jan Mayen,+47,🇸🇯
SK,SVK,703,Slovakia,+421,🇸🇰
SL,SLE,694,Sierra Leone,+232,🇸🇱
SM,SMR,674,San Marino,+378,🇸🇲
SN,SEN,686,Senegal,+221,🇸🇳
SO,SOM,706,Somalia,+252,🇸🇴
SR,SUR,740,Suriname,+597,🇸🇷
SS,SSD,728,South Sudan,+211,🇸🇸
ST,STP,678,Sao Tome and Principe,+239,🇸🇹
SV,SLV,222,El Salvador,+503,🇸🇻
SX,SXM,534,Sint Maarten,+1721,🇸🇽
SY,SYR,760,Syria,+963,🇸🇾
SZ,SWZ,748,Swaziland,+268,🇸🇿
TC,TCA,796,Turks and Caicos Islands,+1,🇹🇨
TD,TCD,148,Chad,+235,🇹🇩
TF,ATF,260,French Southern Territories,+262,🇹🇫
TG,TGO,768,Togo,+228,🇹🇬
TH,THA,764,Thailand,+66,🇹🇭
TJ,TJK,762,Tajikistan,+992,🇹🇯
TK,TKL,772,Tokelau,+690,🇹🇰
TL,TLS,626,East Timor,+670,🇹🇱
TM,TKM,795,Turkmenistan,+993,🇹🇲
TN,TUN,788,Tunisia,+216,🇹🇳
TO,TON,776,Tonga,+676,🇹🇴
TR,TUR,792,Turkey,+90,🇹🇷
TT,TTO,780,Trinidad and Tobago,+1,🇹🇹
TV,TUV,798,Tuvalu,+688,🇹🇻
TW,TWN,158,Taiwan,+886,🇹🇼
TZ,TZA,834,Tanzania,+255,🇹🇿
UA,UKR,804,Ukraine,+380,🇺🇦
UG,UGA,800,Uganda,+256,🇺🇬
UM,UMI,581,United States Minor Outlying Islands,+1,🇺🇲
US,USA,840,United States,+1,🇺🇸
UY,URY,858,Uruguay,+598,🇺🇾
UZ,UZB,860,Uzbekistan,+998,🇺🇿
VA,VAT,336,Vatican,+379,🇻🇦
VC,VCT,670,Saint Vincent and the Grenadines,+1,🇻🇨
VE,VEN,862,Venezuela,+58,🇻🇪
VG,VGB,092,British Virgin Islands,+1,🇻🇬
VI,VIR,850,U.S. Virgin Islands,+1,🇻🇮
VN,VNM,704,Vietnam,+84,🇻🇳
VU,VUT,548,Vanuatu,+678,🇻🇺
WF,WLF,876,Wallis and Futuna,+681,🇼🇫
WS,WSM,882,Samoa,+685,🇼🇸
XK,UNK,383,Kosovo,+383,🇽🇰
YE,YEM,887,Yemen,+967,🇾🇪
YT,MYT,175,Mayotte,+262,🇾🇹
ZA,ZAF,710,South Africa,+27,🇿🇦
ZM,ZMB,894,Zambia,+260,🇿🇲
ZW,ZWE,716,Zimbabwe,+263,🇿🇼
